<application>
  <component name="LocalDatabaseDriverManager" version="201">
    <driver id="mysql.8">
      <artifact />
      <artifact id="MySQL ConnectorJ" name="MySQL ConnectorJ" use="true" version="8.2.0" />
    </driver>
    <driver id="mysql_aurora_aws">
      <artifact id="AWS Aurora MySQL" name="AWS Aurora MySQL" use="true" version="1.1.14" />
    </driver>
    <driver id="postgresql">
      <artifact id="PostgreSQL" name="PostgreSQL" use="true" version="42.6.0" />
    </driver>
    <driver id="redis">
      <artifact id="Redis" name="Redis" channel="fixed" rolling="false" use="true" version="1.5" />
    </driver>
    <driver id="java.sql.Driver" name="User Driver" driver-class="java.sql.Driver" />
  </component>
</application>